"compound","SMILES"
"1,2-dimethoxybenzene","COC1=CC=CC=C1OC"
"1,3-benzenediol","C1=CC(=CC(=C1)O)O"
"1,3-dimethoxybenzene","COC1=CC(=CC=C1)OC"
"1,4-benzenedicarboxaldehyde","C1=CC(=CC=C1C=O)C=O"
"1,4-benzenediol","C1=CC(=CC=C1O)O"
"1,4-dimethoxy-2-methylbenzene","CC1=C(C=CC(=C1)OC)OC"
"1,4-dimethoxybenzene","COC1=CC=C(C=C1)OC"
"1-(2,4-dimethoxyphenyl)propan-2-one","CC(=O)CC1=C(C=C(C=C1)OC)OC"
"1-(3,4,5-trimethoxyphenyl)-propan-2-one","CC(=O)CC1=CC(=C(C(=C1)OC)OC)OC"
"1-(3,4,5-trimethoxyphenyl)ethan-2-one","COC1=CC(=CC(=C1OC)OC)CC=O"
"1-(3,5-dimethoxy-4-hydroxyphenyl)- propan-2-one","CC(=O)CC1=CC(=C(C(=C1)OC)O)OC"
"1-(3,5-dimethoxy-4-hydroxyphenyl)ethan-2-one","CC(=O)C1=CC(=C(C(=C1)OC)O)OC"
"1-(4-hydroxy-3-methoxyphenyl)- propan-2-one","CC(=O)CC1=CC(=C(C=C1)O)OC"
"1-(4-hydroxy-3-methoxyphenyl)ethan-2-one","COC1=C(C=CC(=C1)CC=O)O"
"1-(4-methoxyphenyl)ethanone","CC(=O)C1=CC=C(C=C1)OC"
"1-methyl-2-pyrrolidinone","CN1CCCC1=O"
"1-methyl-7-isopropylphenanthrene","CC1=C2C=CC3=C(C2=CC=C1)C=CC(=C3)C(C)C"
"1-naphthalenecarboxaldehyde","C1=CC=C2C(=C1)C=CC=C2C=O"
"1H-benz[de] anthracen-1-one","O=C3/C=C\c2cccc1cc4c(c3c12)cccc4"
"1H-phenalen-1-one","C1=CC2=C3C(=C1)C=CC(=O)C3=CC=C2"
"2,6,10-trimethylundecanoic acid methyl ester","CC(C)CCCC(C)CCCC(C)C(=O)OC"
"2,6-dimethoxy-4-(2-propenyl)phenol","COC1=CC(=CC(=C1O)OC)CC=C"
"2,6-dimethoxyphenol","COC1=C(C(=CC=C1)OC)O"
"2-(2-butoxyethoxy)ethanol","CCCCOCCOCCO"
"2-benzylnaphthalene","C1=CC=C(C=C1)CC2=CC3=CC=CC=C3C=C2"
"2-furancarboxylic acid","C1=COC(=C1)C(=O)O"
"2-methoxy-4-(1-propenyl)phenol","C/C=C\C1=CC(=C(C=C1)O)OC"
"2-methoxy-4-(2-propenyl)phenol","CCC1=CC(=C(C=C1)O)OC"
"2-methoxy-4-methylphenol","CC1=CC(=C(C=C1)O)OC"
"2-methoxy-4-propylphenol","Oc1ccc(cc1OC)CCC"
"2-methoxyphenol","COC1=CC=CC=C1O"
"2-methyl-9,10-anthracenedione ","CC1=CC2=C(C=C1)C(=O)C3=CC=CC=C3C2=O"
"2-methylbenzaldehyde","CC1=CC=CC=C1C=O"
"2-methylfluoren-9-one","O=C3c1ccccc1c2c3cc(cc2)C"
"2-naphthalenecarboxaldehyde","C1=CC=C2C=C(C=CC2=C1)C=O"
"2-phenylnaphthalene","C1=CC=C(C=C1)C2=CC3=CC=CC=C3C=C2"
"3,4,5-trimethoxybenzaldehyde","COC1=CC(=CC(=C1OC)OC)C=O"
"3,4,5-trimethoxybenzoic acid","COC1=CC(=CC(=C1OC)OC)C(=O)O"
"3,4-dimethoxybenzaldehyde","COC1=C(C=C(C=C1)C=O)OC"
"3,4-dimethoxybenzoic acid","COC1=C(C=C(C=C1)C(=O)O)OC"
"3,4-dimethoxyphenylacetone","CC(=O)CC1=CC(=C(C=C1)OC)OC"
"3,7-dimethyl-6-octenoic acid ","CC(CCC=C(C)C)CC(=O)O"
"3-4-dimethoxyphenylacetic acid","COC1=C(C=C(C=C1)CC(=O)O)OC"
"3-hydroxybenzoic acid","C1=CC(=CC(=C1)O)C(=O)O"
"3-methoxy-4-hydroxybenzaldehyde","CCOC1=C(C=CC(=C1)C=O)O"
"3-methoxybenzaldehyde","COC1=CC=CC(=C1)C=O"
"3-methyl-1,2-benzenediol","CC1=C(C(=CC=C1)O)O"
"3-methylbenzaldehyde","CC1=CC(=CC=C1)C=O"
"4-cyclopenta[def]-phenanthren-4-one ","O=C4c2cccc1ccc3c(c12)c4ccc3"
"4-hydroxy-3,5-dimethoxybenzaldehyde","COC1=CC(=CC(=C1O)OC)C=O"
"4-hydroxy-3-methoxyphenylacetic acid","COC1=C(C=CC(=C1)CC(=O)O)O"
"4-methyl-1,2-benzenediol","CC1=CC(=C(C=C1)O)O"
"4-methylbenzaldehyde","CC1=CC=C(C=C1)C=O"
"4-methylbenzoic acid","CC1=CC=C(C=C1)C(=O)O"
"4-propylbenzenediol","Oc1ccc(cc1O)CCC"
"4-terpineol","CC1=CCC(CC1)(C(C)C)O"
"5-methyl-1(3H)-isobenzofuranone","O=C1OCc2cc(ccc12)C"
"6H-benzo[cd]pyren-6-one","O=C5c2cccc1ccc4c(c12)c3c5cccc3cc4"
"7-oxodehydroabietic acid","CC(C)C1=CC2=C(C=C1)[C@]3(CCC[C@@]([C@@H]3CC2=O)(C)C(=O)O)C"
"7H-benz[de]anthracen-7-one","C1=CC=C2C(=C1)C3=CC=CC4=C3C(=CC=C4)C2=O"
"8,15-pimaradien-18-oic acid","C[C@]1(CCC2=C(C1)CC[C@@H]3[C@@]2(CCC[C@@]3(C)C(=O)O)C)C=C"
"9,10-anthracenedione","C1=CC=C2C(=C1)C(=O)C3=CC=CC=C3C2=O"
"9,10-phenanthrenedione","C1=CC=C2C(=C1)C3=CC=CC=C3C(=O)C2=O"
"9,12,15-octadecatrienoic acid ","CCC=CCC=CCC=CCCCCCCCC(=O)O"
"9,12-octadecadienoic acid","O=C(O)CCCCCCCC=CCC=CCCCCC"
"9,12-octadecadienoic acid ","CCCCCC=CCC=CCCCCCCCC(=O)O"
"9H-fluoren-9-one","C1=CC=C2C(=C1)C3=CC=CC=C3C2=O"
"9H-xanthen-9-one","C1=CC=C2C(=C1)C(=O)C3=CC=CC=C3O2"
"Benzo[a]dibenzothiophene","C1=CC=C2C(=C1)C=CC3=C2C4=CC=CC=C4S3"
"N,N-dibutylformamide","CCCCN(CCCC)C=O"
"Podocarpa-8,11,13-trien-16-oic acid, 13-isopropyl-, methyl ester","COC(=O)[C@@]1(C)CCC[C@]2(C)c3ccc(cc3CC[C@@H]12)C(C)C"
"abietic acid","CC(C)C1=CC2=CC[C@@H]3[C@@]([C@H]2CC1)(CCC[C@@]3(C)C(=O)O)C"
"acridine ","C1=CC=C2C(=C1)C=C3C=CC=CC3=N2"
"alpha-terpineol","CC1=CCC(CC1)C(C)(C)O"
"anthanthrene","C1=CC2=C3C(=C1)C=C4C=CC5=C6C4=C3C(=CC6=CC=C5)C=C2"
"anthracene","C1=CC=C2C=C3C=CC=CC3=CC2=C1"
"anthrone","C1C2=CC=CC=C2C(=O)C3=CC=CC=C31"
"benz [a]anthracene","C1=CC=C2C(=C1)C=CC3=CC4=CC=CC=C4C=C32"
"benz[a]anthracene-7,12-dione ","C1=CC=C2C(=C1)C=CC3=C2C(=O)C4=CC=CC=C4C3=O"
"benzacenaphthylene","C1=CC=C2C(=C1)C3=CC=CC4=C3C2=CC=C4"
"benzo[a]fluorene","C1C2=CC=CC=C2C3=C1C4=CC=CC=C4C=C3"
"benzo[a]pyrene","C1=CC=C2C3=C4C(=CC2=C1)C=CC5=C4C(=CC=C5)C=C3"
"benzo[b] fluoranthene","CC[C@@]12CCCN3[C@@H]1C4=C(CC3)C5=CC=CC=C5N4[C@](C2)(C(=O)OC)O"
"benzo[b]chrysene","C1=CC=C2C(=C1)C=CC3=C2C=CC4=CC5=CC=CC=C5C=C43"
"benzo[b]fluoranthene","C1=CC=C2C3=C4C(=CC=C3)C5=CC=CC=C5C4=CC2=C1"
"benzo[b]fluorene","C1C2=CC=CC=C2C3=CC4=CC=CC=C4C=C31"
"benzo[b]triphenylene","C1=CC=C2C=C3C4=CC=CC=C4C5=CC=CC=C5C3=CC2=C1"
"benzo[c]phenanthrene","C1=CC=C2C(=C1)C=CC3=C2C4=CC=CC=C4C=C3"
"benzo[e]pyrene","C1=CC=C2C(=C1)C3=CC=CC4=C3C5=C(C=CC=C25)C=C4"
"benzo[f]quinoline ","C1=CC=C2C(=C1)C=CC3=C2C=CC=N3"
"benzo[ghi]fluoranthene","C1=CC2=C3C(=C1)C4=CC=CC5=C4C3=C(C=C2)C=C5"
"benzo[ghi]perylene","C1=CC2=C3C(=C1)C4=CC=CC5=C4C6=C(C=C5)C=CC(=C36)C=C2"
"benzo[h]quinoline ","C1=CC=C2C(=C1)C=CC3=C2N=CC=C3"
"benzo[j]fluoranthene","C1=CC=C2C(=C1)C=CC3=C2C4=CC=CC5=C4C3=CC=C5"
"benzo[k]fluoranthene","C1=CC=C2C=C3C4=CC=CC5=C4C(=CC=C5)C3=CC2=C1"
"benzoacridine","C1=CC=C2C(=C1)C=CC3=CC4=CC=CC=C4N=C32"
"benzoic acid","C1=CC=C(C=C1)C(=O)O"
"beta-amyrin","C[C@@]12CC[C@@]3(C(=CC[C@H]4[C@]3(CC[C@@H]5[C@@]4(CC[C@@H](C5(C)C)O)C)C)[C@@H]1CC(CC2)(C)C)C"
"beta-cadinene","CC1=CC[C@@H]2[C@@H](C1)[C@@H](CC=C2C)C(C)C"
"beta-ionone","CC1=C(C(CCC1)(C)C)/C=C/C(=O)C"
"binaphthalene","C1=CC=C2C(=C1)C=CC=C2C3=CC=CC4=CC=CC=C43"
"bis(3,4,5-trimethoxyphenyl)ethane","O=C(c1cc(OC)c(OC)c(OC)c1)C(=O)c2cc(OC)c(OC)c(OC)c2"
"bis(3,4-dimethoxyphenyl)methane","COC1=C(C=C(C=C1)CC2=CC(=C(C=C2)OC)OC)OC"
"bishomohopane","C43CCC2C1(CCC(C1CCC2(C)C3(C)CCC5C(C)(C)CCCC45C)C(C)CCC)C"
"borneol acetate","CC(=O)O[C@@H]1C[C@@H]2CC[C@]1(C2(C)C)C"
"butanedioic acid","C(CC(=O)O)C(=O)O"
"camphor","CC1(C2CCC1(C(=O)C2)C)C"
"cholestane","C[C@H](CCCC(C)C)[C@H]1CC[C@@H]2[C@@]1(CC[C@H]3[C@H]2CCC4[C@@]3(CCCC4)C)C"
"chrysene","C1=CC=C2C(=C1)C=CC3=C2C=CC4=CC=CC=C43"
"cis-9-octadecenoic acid","CCCCCCCC/C=C\CCCCCCCC(=O)O"
"cis-terpin hydrate","C[C@]1(CC[C@@H](CC1)C(O)(C)C)O.O"
"citral","CC(=CCC/C(=C/C=O)/C)C"
"citronellol","C[C@H](CCC=C(C)C)CCO"
"coronene","C1=CC2=C3C4=C1C=CC5=C4C6=C(C=C5)C=CC7=C6C3=C(C=C2)C=C7"
"cyclohexylpentacosane","CCCCCCCCCCCCCCCCCCCCCCCCCC1CCCCC1"
"cyclohexyltriacontane","CCCCCCCCCCCCCCCCCCCCCCCCCCCCCCC1CCCCC1"
"cyclopenta [cd] pyrene","C1=CC2=C3C(=C1)C=C4C=CC5=C4C3=C(C=C2)C=C5"
"decanal","CCCCCCCCCC=O"
"decanoic acid","CCCCCCCCCC(=O)O"
"dehydroabietic acid","CC(C)C1=CC2=C(C=C1)[C@]3(CCC[C@@]([C@@H]3CC2)(C)C(=O)O)C"
"dibenz[a,h]anthracene","C1=CC=C2C(=C1)C=CC3=CC4=C(C=CC5=CC=CC=C54)C=C32"
"dibenzochrysene","c5cccc6c1ccccc1c4ccc3c(c2ccccc2cc3)c4c56"
"dihydro-3,4-divanillyl-furanone","Oc1ccc(cc1OC)/C=C3\C(=O)OCC3Cc2cc(OC)c(O)cc2"
"dihydroactinidiolide","CC1(CCCC2(C1=CC(=O)O2)C)C"
"dimethylanthracene","CC1=C(C2=CC3=CC=CC=C3C=C2C=C1)C"
"dimethylbenzaldehyde","Cc1cccc(c1C)C=O"
"dimethylfluoranthene","c13ccccc1c2c(c(cc4c2c3ccc4)C)C"
"dimethylphenanthrene","c3ccc2ccc1c(c(ccc1c2c3)C)C"
"dimethylpyrene","c3ccc2ccc1c(c(cc4c1c2c3cc4)C)C"
"divanillyl","O=C2OCC(Cc1cc(OC)c(O)cc1)C2Cc3ccc(O)c(OC)c3"
"docosanal","O=CCCCCCCCCCCCCCCCCCCCCC"
"docosane","CCCCCCCCCCCCCCCCCCCCCC"
"docosanoic acid","CCCCCCCCCCCCCCCCCCCCCC(=O)O"
"docosene","CCCCCCCCCCCCCCCCCCCCC=C"
"dodecanal","CCCCCCCCCCCC=O"
"dodecanoic acid","CCCCCCCCCCCC(=O)O"
"dotriacontanal","CCCCCCCCCCCCCCCCCCCCCCCCCCCCCCCC=O"
"dotriacontane","CCCCCCCCCCCCCCCCCCCCCCCCCCCCCCCC"
"dotriacontanoic acid","CCCCCCCCCCCCCCCCCCCCCCCCCCCCCCCC(=O)O"
"dotriacontanol","CCCCCCCCCCCCCCCCCCCCCCCCCCCCCCCCO"
"dotriacontene","C=C\CCCCCCCCCCCCCCCCCCCCCCCCCCCCCC"
"eicosanal","O=CCCCCCCCCCCCCCCCCCCC"
"eicosane","CCCCCCCCCCCCCCCCCCCC"
"eicosanoic acid","CCCCCCCCCCCCCCCCCCCC(=O)O"
"eicosene","CCCCCCCCCCCCCCCCCCC=C"
"ergostane","C[C@H](CC[C@H](C)C(C)C)[C@H]1CC[C@@H]2[C@@]1(CC[C@H]3[C@H]2CCC4[C@@]3(CCCC4)C)C"
"eucalyptol","CC1(C2CCC(O1)(CC2)C)C"
"geranyl isobutyrate","O=C(OC/C=C(/CC/C=C(\C)C)C)C(C)C"
"heneicosanal","CCCCCCCCCCCCCCCCCCCCC=O"
"heneicosane","CCCCCCCCCCCCCCCCCCCCC"
"heneicosanoic acid","CCCCCCCCCCCCCCCCCCCCC(=O)O"
"heneicosene","C=C\CCCCCCCCCCCCCCCCCCC"
"hentriacontanal","CCCCCCCCCCCCCCCCCCCCCCCCCCCCCCC=O"
"hentriacontane","CCCCCCCCCCCCCCCCCCCCCCCCCCCCCCC"
"hentriacontanoic acid","CCCCCCCCCCCCCCCCCCCCCCCCCCCCCCC(=O)O"
"hentriacontene","C=C\CCCCCCCCCCCCCCCCCCCCCCCCCCCCC"
"heptacosanal","O=CCCCCCCCCCCCCCCCCCCCCCCCCCC"
"heptacosane","CCCCCCCCCCCCCCCCCCCCCCCCCCC"
"heptacosanoic acid","CCCCCCCCCCCCCCCCCCCCCCCCCCC(=O)O"
"heptacosanoic acid ","O=C(O)CCCCCCCCCCCCCCCCCCCCCCCCCC"
"heptacosene","C=C\CCCCCCCCCCCCCCCCCCCCCCCCC"
"heptadecanal","CCCCCCCCCCCCCCCCC=O"
"heptadecanoic acid","CCCCCCCCCCCCCCCCC(=O)O"
"heptatriacontane","C(CCCCCCCCCCCCCCCCCCCCCC)CCCCCCCCCCCCCC"
"heptatriacontene","CCCCCCCCCCCCCCCCCCCCCCC/C=C/CCCCCCCCCCCC"
"hexacosanal","CCCCCCCCCCCCCCCCCCCCCCCCCC=O"
"hexacosane","CCCCCCCCCCCCCCCCCCCCCCCCCC"
"hexacosanoic acid","CCCCCCCCCCCCCCCCCCCCCCCCCC(=O)O"
"hexacosanol","CCCCCCCCCCCCCCCCCCCCCCCCCCO"
"hexacosene","C=C\CCCCCCCCCCCCCCCCCCCCCCCC"
"hexadecanal","CCCCCCCCCCCCCCCC=O"
"hexadecanoic acid","CCCCCCCCCCCCCCCC(=O)O"
"hexanedioic acid","C(CCC(=O)O)CC(=O)O"
"hexatriacontane","CCCCCCCCCCCCCCCCCCCCCCCCCCCCCCCCCCCC"
"hexatriacontene","C(=C(CCCCCCCCCCCCCCCCC)CCCCCCCCCCCCCCCCCC)CCCCCCCCCCCCCCCC"
"homohopane","C43CCC2C1(CCC(C1CCC2(C)C3(C)CCC5C(C)(C)CCCC45C)C(C)CC)C"
"hopane","CC(C)[C@H]1CC[C@]2([C@H]1CC[C@@]3([C@@H]2CC[C@H]4[C@]3(CC[C@@H]5[C@@]4(CCCC5(C)C)C)C)C)C"
"indan-1-one","C1CC(=O)C2=CC=CC=C21"
"indeno[1,2,3-cd]fluoranthene","C=4\C\1=C6\C(=C\2C/1=C3/C(/C=C/2)=C\5/C=C\C=C/C/5=C3C=4)\C=C/C=C6"
"indeno[1,2,3-cd]pyrene","C1=CC=C2C(=C1)C3=C4C2=CC5=CC=CC6=C5C4=C(C=C6)C=C3"
"isononacosane","CCCCCCCCCCCCCCCCCCCCCCCCCCC(C)C"
"isopimaric acid","O=C(O)[C@]3(C2C\C=C1/C(CCC(\C=C)(C)C1)[C@@]2(C)CCC3)C"
"isopulegol","C[C@@H]1CC[C@H]([C@@H](C1)O)C(=C)C"
"isoquinoline","C1=CC=C2C=NC=CC2=C1"
"linalool","CC(=CCC[C@@](C)(C=C)O)C"
"methylanthracene","CC1=CC=CC2=CC3=CC=CC=C3C=C12"
"methylbenz[a] anthracene","CC1=C2C=CC3=CC=CC=C3C2=CC4=CC=CC=C14"
"methylbenz[a]anthracene","c3c2ccc1cccc(c1c2cc4ccccc34)C"
"methylbenzopyrene","c45cc2ccc1ccc(c3c1c2c(cc3)c4cccc5)C"
"methylbutanedioic acid","CC(CC(=O)O)C(=O)O"
"methylchrysene","CC1=C2C=CC3=C(C2=CC=C1)C=CC4=CC=CC=C43"
"methylfluoranthene","c34c1cccc2ccc(c(c12)c3cccc4)C"
"methylfluorenone","O=C2c3c(c1c(cccc12)C)cccc3"
"methylperylene","c35c1cccc2ccc(c(c12)c4c3c(ccc4)ccc5)C"
"methylphenanthrene","CC1=C2C=CC3=CC=CC=C3C2=CC=C1"
"methylpyrene","CC1=C2C=CC3=CC=CC4=C3C2=C(C=C1)C=C4"
"methyltriphenylene","c4cc3c1c(cccc1C)c2ccccc2c3cc4"
"n-heptanoic acid","CCCCCCC(=O)O"
"n-hexanoic acid","CCCCCC(=O)O"
"n-nonacosane","CCCCCCCCCCCCCCCCCCCCCCCCCCCCC"
"n-nonadecane","CCCCCCCCCCCCCCCCCCC"
"n-nonadecanoic acid","CCCCCCCCCCCCCCCCCCC(=O)O"
"n-nonanoic acid","CCCCCCCCC(=O)O"
"n-octacosane","CCCCCCCCCCCCCCCCCCCCCCCCCCCC"
"n-octadecanoic acid","CCCCCCCCCCCCCCCCCC(=O)O"
"n-octanoic acid","CCCCCCCC(=O)O"
"n-pentacosane","CCCCCCCCCCCCCCCCCCCCCCCCC"
"n-pentadecanoic acid","CCCCCCCCCCCCCCC(=O)O"
"n-tetracosane","CCCCCCCCCCCCCCCCCCCCCCCC"
"n-tetradecanoic acid","CCCCCCCCCCCCCC(=O)O"
"n-triacontane","CCCCCCCCCCCCCCCCCCCCCCCCCCCCCC"
"n-tricosane","CCCCCCCCCCCCCCCCCCCCCCC"
"n-tridecanoic acid","CCCCCCCCCCCCC(=O)O"
"n-undecanoic acid","CCCCCCCCCCC(=O)O"
"nonacosanal","CCCCCCCCCCCCCCCCCCCCCCCCCCCCC=O"
"nonacosanoic acid","O=C(O)CCCCCCCCCCCCCCCCCCCCCCCCCCCC"
"nonacosanoicacid","CCCCCCCCCCCCCCCCCCCCCCCCCCCCC(=O)O"
"nonacosene","C=C\CCCCCCCCCCCCCCCCCCCCCCCCCCC"
"nonadecanal","O=CCCCCCCCCCCCCCCCCCC"
"nonadecene","CCCCCCCCCCCCCCCCCC=C"
"nonanal","CCCCCCCCC=O"
"nonatriacontane","C(CCCCCCCCCCCCCCCCCCCCCC)CCCCCCCCCCCCCCCC"
"norhopane","CC[C@@H]5CC[C@@]4(C)[C@H]5CC[C@]3(C)[C@@H]4CC[C@H]2[C@@]3(C)CC[C@@H]1[C@]2(C)CCC[C@@]1(C)C"
"octacosanal","CCCCCCCCCCCCCCCCCCCCCCCCCCCC=O"
"octacosanoic acid","CCCCCCCCCCCCCCCCCCCCCCCCCCCC(=O)O"
"octacosanol","CCCCCCCCCCCCCCCCCCCCCCCCCCCCO"
"octacosene","C=C\CCCCCCCCCCCCCCCCCCCCCCCCCC"
"octadecanal","CCCCCCCCCCCCCCCCCC=O"
"octatriacontane","C(CCCCCCCCCCCCCCCCCCCCCC)CCCCCCCCCCCCCCC"
"octatriacontene","C(=C\CCCCCCCCCCCCCCCCCC)\CCCCCCCCCCCCCCCCCC"
"oleanolic acid","C[C@]12CC[C@@H](C([C@@H]1CC[C@@]3([C@@H]2CC=C4[C@]3(CC[C@@]5([C@H]4CC(CC5)(C)C)C(=O)O)C)C)(C)C)O"
"pentacosanal","O=CCCCCCCCCCCCCCCCCCCCCCCCC"
"pentacosanoic acid","CCCCCCCCCCCCCCCCCCCCCCCCC(=O)O"
"pentacosanol","CCCCCCCCCCCCCCCCCCCCCCCCCO"
"pentacosene","C=C\CCCCCCCCCCCCCCCCCCCCCCC"
"pentadecanal","CCCCCCCCCCCCCCC=O"
"pentanedioic acid","C(CC(=O)O)CC(=O)O"
"pentatriacontane","CCCCCCCCCCCCCCCCCCCCCCCCCCCCCCCCCCC"
"pentatriacontene","C(=C/CCCCCCCCCCCCCCCCC)\CCCCCCCCCCCCCCCC"
"perylene","C1=CC2=C3C(=C1)C4=CC=CC5=C4C(=CC=C5)C3=CC=C2"
"phenanthrene","C1=CC=C2C(=C1)C=CC3=CC=CC=C32"
"phenanthridine ","C1=CC=C2C(=C1)C=NC3=CC=CC=C23"
"phenanthrone","C1CC2=C(C(=O)C1)C3=CC=CC=C3C=C2"
"pimaric acid","C[C@]1(CC[C@H]2C(=C1)CCC3[C@@]2(CCC[C@@]3(C)C(=O)O)C)C=C"
"propanedioic acid","C(C(=O)O)C(=O)O"
"pyrene","C1=CC2=C3C(=C1)C=CC4=CC=CC(=C43)C=C2"
"quinoline","C1=CC=C2C(=C1)C=CC=N2"
"sandaracopimaric acid","CC1(CCC2C(=C1)CCC3C2(CCCC3(C)C(=O)O)C)C=C"
"sitosterol","OC4CC[C@]3(\C(=C/C[C@H]2[C@H]1[C@]([C@@H]([C@H](C)CC[C@@H](CC)C(C)C)CC1)(C)CC[C@@H]23)C4)C"
"stigmast-4-en-3-one","CC[C@H](CC[C@@H](C)[C@H]1CC[C@@H]2[C@@]1(CC[C@H]3[C@H]2CCC4=CC(=O)CC[C@]34C)C)C(C)C"
"stigmastane","CC[C@H](CC[C@@H](C)[C@H]1CC[C@@H]2[C@@]1(CC[C@H]3[C@H]2CCC4[C@@]3(CCCC4)C)C)C(C)C"
"tetracontane","CCCCCCCCCCCCCCCCCCCCCCCCCCCCCCCCCCCCCCCC"
"tetracosanal","O=CCCCCCCCCCCCCCCCCCCCCCCC"
"tetracosanoic acid","CCCCCCCCCCCCCCCCCCCCCCCC(=O)O"
"tetracosene","C=C\CCCCCCCCCCCCCCCCCCCCCC"
"tetradecanal","CCCCCCCCCCCCCC=O"
"tetrahydro-3,4-divanillylfuran","COC1=C(C=CC(=C1)CC2COCC2CC3=CC(=C(C=C3)O)OC)O"
"tetratriacontane","CCCCCCCCCCCCCCCCCCCCCCCCCCCCCCCCCC"
"tetratriacontene","CCCCCCCCCCCCCCCCCCCCCCCCCCCCCCCCC=C"
"triacontanal","CCCCCCCCCCCCCCCCCCCCCCCCCCCCCC=O"
"triacontanoic acid","CCCCCCCCCCCCCCCCCCCCCCCCCCCCCC(=O)O"
"triacontanol","CCCCCCCCCCCCCCCCCCCCCCCCCCCCCCO"
"triacontene","C=C\CCCCCCCCCCCCCCCCCCCCCCCCCCCC"
"tricosanal","O=CCCCCCCCCCCCCCCCCCCCCCC"
"tricosanoic acid","CCCCCCCCCCCCCCCCCCCCCCC(=O)O"
"tricosene","C=C\CCCCCCCCCCCCCCCCCCCCC"
"tridecanal","CCCCCCCCCCCCC=O"
"trimethylbenzaldehyde","O=Cc1ccc(c(c1C)C)C"
"triphenylene","C1=CC=C2C(=C1)C3=CC=CC=C3C4=CC=CC=C24"
"tritriacontane","CCCCCCCCCCCCCCCCCCCCCCCCCCCCCCCCC"
"tritriacontene","C=C\CCCCCCCCCCCCCCCCCCCCCCCCCCCCCCC"
"undecanal","CCCCCCCCCCC=O"
"ursolic acid","C[C@@H]1CC[C@@]2(CC[C@@]3(C(=CC[C@H]4[C@]3(CC[C@@H]5[C@@]4(CC[C@@H](C5(C)C)O)C)C)[C@@H]2[C@H]1C)C)C(=O)O"
